Origin\Destination,Shanghai,Singapore,Shenzhen,Qingdao,Busan,Tianjin,Xiamen,Kaohsiung,Laem Chabang,Ho Chi Minh City,Jakarta,Colombo,Jebel Ali,Rotterdam,Hamburg,Piraeus,Los Angeles,New Jersey,Tanger Med,Cartagena
Shanghai,0,5103,3175,3373,4082,2390,1361,2722,1085,1085,1446,3742,4466,5172,4070,3392,8950,4801,2127,1021
Singapore,6804,0,6615,2009,2142,563,2009,1428,1302,1302,2894,4158,6615,3700,2467,2055,4127,2198,1772,756
Shenzhen,2570,5670,0,1071,4536,907,312,3024,1205,1205,1607,4158,6804,6462,4439,3700,4043,5274,2127,907
Qingdao,3716,1740,1250,0,1607,620,76,1512,281,281,375,1473,1915,1543,1130,1256,7455,1575,788,375
Busan,6532,2570,3478,2722,0,1634,1928,9685,361,361,480,2121,3703,2608,1974,1645,8271,2813,1134,361
Tianjin,3238,1446,900,1350,1156,0,55,771,203,203,270,1061,1687,1628,1085,904,2807,1407,567,270
Xiamen,1543,2409,6446,643,2722,55,0,1814,339,339,451,1767,2892,2400,1777,1480,2281,2110,851,361
Kaohsiung,2549,801,1152,1285,3543,1089,601,0,241,241,321,661,951,1057,871,727,5411,991,501,241
Laem Chabang,1736,2604,1687,339,361,203,339,241,0,332,1042,1061,1687,889,592,699,832,528,426,181
Ho Chi Minh City,1736,2604,1687,339,361,203,339,241,781,0,1042,1061,1687,889,592,494,832,528,426,181
Jakarta,2314,2083,2250,451,480,270,451,321,624,624,0,1414,2250,1184,790,932,1109,703,567,241
Colombo,5172,4309,5027,1526,1831,428,1526,1221,917,917,1221,0,7560,4082,2722,2268,1081,2268,2268,756
Jebel Ali,3097,3440,3097,1219,1672,342,1253,1114,731,731,974,7560,0,4337,2892,2409,1620,1512,3402,501
Rotterdam,4715,2143,4411,1310,1429,521,1287,953,428,428,571,4082,6124,0,2521,2100,1215,5443,5512,2041
Hamburg,3144,1429,3002,874,953,347,858,636,286,286,381,2722,4082,4200,0,2334,809,3629,3675,1361
Piraeus,2619,1191,2500,728,794,290,715,529,238,238,318,2268,3402,3500,1400,0,675,2142,3062,1071
Los Angeles,6366,1242,3559,3038,4082,1215,1750,1814,322,322,430,1081,1620,1215,809,675,0,3240,540,822
New Jersey,3266,1021,2857,907,1089,361,816,727,204,204,273,2268,1512,4354,3629,2142,3175,0,1512,5216
Tanger Med,2314,1446,2024,643,771,256,580,514,290,290,386,2268,3402,3062,2041,1701,540,1512,0,1512
Cartagena,1225,680,953,339,270,203,270,181,136,136,181,756,756,2041,1361,1071,644,4082,1512,0
