Origin \ Destination,Busan,Cartagena,Colombo,Hamburg,Ho Chi Minh City,Jakarta,Jebel Ali,Kaohsiung,Laem Chabang,Los Angeles,New Jersey,Piraeus,Qingdao,Rotterdam,Shanghai,Shenzhen,Singapore,Tanger Med,Tianjin,Xiamen
Busan,-,335,"1,941","1,850",328,394,"3,455","9,728",307,"8,048","2,501","1,446","2,850","2,349","6,332","3,401","2,515",965,"1,483","1,944"
Cartagena,291,-,710,"1,281",109,155,742,188,113,588,"3,940","1,032",310,"1,920","1,231",885,754,"1,481",182,300
Colombo,"1,657",727,-,"2,551",910,"1,146","7,598","1,184",876,"1,029","2,295","2,166","1,472","3,926","5,068","4,773","4,453","2,092",393,"1,569"
Hamburg,875,"1,331","2,725",-,267,396,"4,040",625,282,763,"3,609","2,261",811,"4,188","3,100","2,879","1,395","3,560",302,825
Ho Chi Minh City,350,185,"1,003",539,-,"1,060","1,709",209,799,825,510,476,352,804,"1,716","1,666","2,526",345,190,353
Jakarta,492,231,"1,420",792,620,-,"2,248",327,638,"1,031",671,864,398,"1,102","2,333","2,172","1,923",570,271,464
Jebel Ali,"1,538",486,"7,031","2,809",738,959,-,"1,146",744,"1,396","1,462","2,196","1,018","4,399","3,094","3,128","3,391","3,233",327,"1,303"
Kaohsiung,"3,436",208,577,850,207,270,883,-,225,"5,319",901,666,"1,317","1,006","2,508","1,062",739,445,"1,079",568
Laem Chabang,350,165,"1,067",556,338,"1,066","1,633",217,-,773,498,667,306,825,"1,738","1,658","2,529",383,185,319
Los Angeles,"4,021",736,"1,113",800,294,426,"1,566","1,689",303,-,"3,327",555,"3,116","1,148","6,455","3,451","1,182",464,"1,164","1,653"
New Jersey,"1,001","5,150","2,209","3,617",181,285,"1,363",682,207,"3,148",-,"2,087",878,"4,347","3,270","2,640","1,024","1,584",362,730
Piraeus,775,"1,108","2,225","1,323",240,312,"3,177",540,200,610,"2,028",-,701,"3,213","2,513","2,430","1,203","2,957",238,684
Qingdao,"1,634",362,"1,367","1,041",316,375,"1,872","1,592",300,"7,303","1,569","1,082",-,"1,472","3,849","1,193","1,729",806,653,104
Rotterdam,"1,315","1,925","4,035","2,454",399,584,"5,846",952,399,"1,163","5,433","1,982","1,230",-,"4,699","4,542","2,091","5,222",473,"1,228"
Shanghai,"3,645","1,018","3,642","3,863","1,074","1,343","4,275","2,793","1,080","9,202","4,619","3,222","3,196","4,712",-,"3,220","5,109","2,026","2,290","1,385"
Shenzhen,"4,537",843,"4,000","4,264","1,286","1,603","6,885","2,923","1,135","3,817","5,400","3,346","1,066","6,121","2,612",-,"5,871","1,884",921,279
Singapore,"2,004",818,"3,942","2,378","1,339","2,896","6,314","1,419","1,296","3,845","2,205","1,920","1,825","3,464","6,719","6,197",-,"1,703",522,"2,033"
Tanger Med,763,"1,457","2,278","1,966",270,407,"3,299",497,263,513,"1,511","1,693",576,"2,954","2,308","2,021","1,470",-,266,581
Tianjin,"1,153",278,"1,035","1,053",178,272,"1,637",694,212,"2,658","1,349",777,"1,343","1,549","3,275",913,"1,441",486,-,54
Xiamen,"2,715",383,"1,718","1,591",311,459,"2,884","1,696",298,"2,157","1,985","1,380",648,"2,202","1,590","6,284","2,397",756,57,-
