Route,Name,Avg Capacity TEU,Avg Carried TEU,Utilization
S1,Asia-Europe-NorthEurope,"122,131","10,372",8.49%
S1-ALT-1,Asia-Europe-NorthEurope Disruption Alternative,"17,979",0,0.00%
S2,Intra-EastAsia,"12,141","1,019",8.40%
S3,Mekong-Regional-Feeder,"4,825",245,5.07%
S4,Transpacific-South,"49,951","3,068",6.14%
S5,Asia-US-East,"115,205","4,545",3.95%
S6,Transatlantic-Caribbean,"37,816","1,835",4.85%
S7,IndianOcean-Gulf-EastMed,"37,836","1,745",4.61%
S8,Indonesia-Regional-Feeder,"1,507",92,6.13%
S9,Transpacific-North,"62,051","1,370",2.21%
TOTAL,,"461,441","24,292",5.26%
